Product ID,Category,Reviews
CC-2001,Commercial Charger,"This charger is great for our customers, they love how fast it charges their cars but sometimes it stops working and we have to reset it which is annoying."
CC-2002,Commercial Charger,"Our customers are happy with the charger, it's easy to use and reliable but the installation process was a bit complicated and took longer than expected."
CC-2003,Commercial Charger,The charger works well for the most part but we've had a few issues with it not charging properly and our customers have complained about it.
CC-2003,Commercial Charger,"This charger is a good investment for our dealership, it charges quickly and efficiently but the customer service is terrible and they never respond to our inquiries."
CC-2001,Commercial Charger,"Our customers appreciate having a charger available, it's convenient and easy to use but it can be a bit slow at times and we've had a few complaints about that."
CC-2001,Commercial Charger,"The charger is decent but it could be better, sometimes it takes too long to charge and our customers get frustrated with it."
CC-2002,Commercial Charger,"This charger has been a great addition to our dealership, it's reliable and efficient but the cost was a bit high and we're not sure if it was worth it."
CC-2001,Commercial Charger,"Our customers like the charger, it's easy to use and works well but we've had a few issues with it not charging properly and it's been a hassle to deal with."
CC-2003,Commercial Charger,"The charger is okay but it could be faster, our customers have complained about the charging time and we've had to address those concerns."
CC-2001,Commercial Charger,"This charger is a good investment for our dealership, it's reliable and efficient but the installation process was a bit complicated and took longer than expected."
CC-2001,Commercial Charger,"Our customers appreciate having a charger available, it's convenient and easy to use but it can be a bit slow at times and we've had a few complaints about that."
CC-2001,Commercial Charger,The charger works well for the most part but we've had a few issues with it not charging properly and our customers have complained about it.
CC-2002,Commercial Charger,"This charger is great for our customers, they love how fast it charges their cars but sometimes it stops working and we have to reset it which is annoying."
CC-2001,Commercial Charger,"Our customers are happy with the charger, it's easy to use and reliable but the customer service is terrible and they never respond to our inquiries."
CC-2003,Commercial Charger,"The charger is decent but it could be better, sometimes it takes too long to charge and our customers get frustrated with it."
CC-2002,Commercial Charger,"This charger has been a great addition to our dealership, it's reliable and efficient but the cost was a bit high and we're not sure if it was worth it."
CC-2001,Commercial Charger,"Our customers like the charger, it's easy to use and works well but we've had a few issues with it not charging properly and it's been a hassle to deal with."
CC-2003,Commercial Charger,"The charger is okay but it could be faster, our customers have complained about the charging time and we've had to address those concerns."
CC-2002,Commercial Charger,"This charger is a good investment for our dealership, it's reliable and efficient but the installation process was a bit complicated and took longer than expected."
CC-2003,Commercial Charger,"Our customers appreciate having a charger available, it's convenient and easy to use but it can be a bit slow at times and we've had a few complaints about that."
CC-2001,Commercial Charger,The charger works well for the most part but we've had a few issues with it not charging properly and our customers have complained about it.
CC-2002,Commercial Charger,"This charger is great for our customers, they love how fast it charges their cars but sometimes it stops working and we have to reset it which is annoying."
CC-2003,Commercial Charger,"Our customers are happy with the charger, it's easy to use and reliable but the customer service is terrible and they never respond to our inquiries."
CC-2002,Commercial Charger,"The charger is decent but it could be better, sometimes it takes too long to charge and our customers get frustrated with it."
CC-2001,Commercial Charger,"This charger has been a great addition to our dealership, it's reliable and efficient but the cost was a bit high and we're not sure if it was worth it."
CC-2001,Commercial Charger,"Our customers like the charger, it's easy to use and works well but we've had a few issues with it not charging properly and it's been a hassle to deal with."
CC-2001,Commercial Charger,"The charger is okay but it could be faster, our customers have complained about the charging time and we've had to address those concerns."
CC-2002,Commercial Charger,"This charger is a good investment for our dealership, it's reliable and efficient but the installation process was a bit complicated and took longer than expected."
CC-2001,Commercial Charger,"Our customers appreciate having a charger available, it's convenient and easy to use but it can be a bit slow at times and we've had a few complaints about that."
CC-2002,Commercial Charger,The charger works well for the most part but we've had a few issues with it not charging properly and our customers have complained about it.
CC-2001,Commercial Charger,The charger is user-friendly and very effective. Highly recommend! We've had no issues with it so far.
CC-2001,Commercial Charger,This charger has been a great addition to our fleet management. It's easy to use and very effective. Couldn't be happier!
CC-2001,Commercial Charger,"Great charger! Our vehicles are always ready to go, and it charges them quickly."
CC-2002,Commercial Charger,"Not worth the money. The charger is slow and unreliable, and it often malfunctions."
CC-2003,Commercial Charger,"The charger is okay, but it could be more user-friendly. It's a bit complicated to operate."
CC-2003,Commercial Charger,"This charger is amazing! Our fleet is always ready to go, and we haven't had any issues so far."
CC-2003,Commercial Charger,This charger has exceeded our expectations. Very reliable and easy to use. Great investment for our business!
CC-2002,Commercial Charger,"Our fleet's charging process is now seamless thanks to this charger. It's fast and reliable, and we've had no issues so far. Great product!"
CC-2001,Commercial Charger,The charger is easy to use and very effective. Highly recommend! We've had no issues with it so far.
CC-2001,Commercial Charger,"We love the efficiency of this charger. It keeps our vehicles ready to go, and the installation was a breeze. Great product!"
CC-2003,Commercial Charger,"Terrible experience. The charger broke down after a month, and customer service was no help."
CC-2001,Commercial Charger,Our fleet's downtime has significantly reduced thanks to this charger. It's easy to use and very effective. Couldn't be happier!
CC-2002,Commercial Charger,"Not impressed. The charger is slow and unreliable, and it often stops working unexpectedly."
CC-2003,Commercial Charger,"We've had no issues with this charger. It's been a solid performer, and the charging speed is impressive. Great product!"
CC-2002,Commercial Charger,"The charging speed is impressive. Our fleet is always ready on time, and the charger is very reliable. Highly recommend!"
CC-2003,Commercial Charger,"The charger is okay, but it could be more user-friendly. It's a bit complicated to operate."
CC-2002,Commercial Charger,"Our fleet's charging needs are met perfectly with this charger. It's fast and reliable, and we've had no issues so far. Great product!"
CC-2003,Commercial Charger,"The charging speed is impressive. Our fleet is always ready on time, and the charger is very reliable. Highly recommend!"
CC-2003,Commercial Charger,"We've had no issues with this charger. It's been a solid performer, and the charging speed is impressive. Great product!"
CC-2003,Commercial Charger,"The charger is easy to install and works flawlessly. We've had no issues with it so far, and the charging speed is impressive. Highly recommend!"
CC-2002,Commercial Charger,"Our fleet's charging needs are met perfectly with this charger. It's fast and reliable, and we've had no issues so far. Great product!"
CC-2001,Commercial Charger,"The charger is easy to install and works flawlessly. We've had no issues with it so far, and the charging speed is impressive. Highly recommend!"
CC-2001,Commercial Charger,"The charger is okay, but it could be faster. Sometimes it takes too long to charge our vehicles."
CC-2002,Commercial Charger,"Highly recommend this charger for any business fleet. It's fast, reliable, and easy to use."
CC-2001,Commercial Charger,"Very reliable charger. We've had no issues so far, and it keeps our fleet running smoothly."
CC-2003,Commercial Charger,"We've had no issues with this charger. It's been a solid performer, and the charging speed is impressive. Great product!"
CC-2003,Commercial Charger,"Highly recommend this charger for any business fleet. It's fast, reliable, and easy to use."
CC-2001,Commercial Charger,The charger is efficient and dependable. Highly recommend! We've had no issues with it so far.
CC-2003,Commercial Charger,The charger is efficient and dependable. Highly recommend! We've had no issues with it so far.
CC-2002,Commercial Charger,The charger is easy to use and very effective. Highly recommend! We've had no issues with it so far.
CC-2002,Commercial Charger,"Disappointed. The charger is too expensive for what it offers, and it doesn't work as advertised."
CC-2001,Commercial Charger,"Terrible experience. The charger broke down after a week, and customer service was no help."
CC-2003,Commercial Charger,"The charger is user-friendly and efficient. Great for our business, and the customer support has been excellent. Highly recommend!"
CC-2001,Commercial Charger,The charger is easy to use and very efficient. Highly recommend! We've had no issues with it so far.
CC-2001,Commercial Charger,"The charger is reliable and quick. Perfect for our business, and the customer support has been excellent. Highly recommend!"
CC-2002,Commercial Charger,Our fleet's downtime has significantly reduced thanks to this charger. It's easy to use and very effective. Couldn't be happier!
CC-2001,Commercial Charger,"Disappointed. The charger is too expensive for what it offers, and it doesn't work as advertised."
CC-2001,Commercial Charger,"We are very happy with the performance of this charger. It's fast and reliable, and the customer support has been excellent. Great product!"
CC-2002,Commercial Charger,"We are very satisfied with the performance of this charger. It's fast and reliable, and the customer support has been excellent. Great product!"
CC-2003,Commercial Charger,Our fleet's downtime has reduced significantly with this charger. It's easy to use and very effective. Couldn't be happier!
CC-2001,Commercial Charger,"Excellent charger! Our fleet is always charged and ready, and we've had no problems so far."
CC-2001,Commercial Charger,The charger is easy to use and very efficient. Highly recommend! We've had no issues with it so far.
CC-2003,Commercial Charger,"The charger is fast and reliable. We've had no issues with it so far, and the installation was a breeze. Highly recommend!"
CC-2003,Commercial Charger,This charger has been a great addition to our fleet management. It's easy to use and very effective. Couldn't be happier!
CC-2002,Commercial Charger,"Fantastic product! Our fleet's charging needs are met perfectly, and it's very efficient."
CC-2002,Commercial Charger,"We appreciate the robust build of this charger. It's built to last, and we've had no issues with it so far. Very satisfied!"
CC-2001,Commercial Charger,"Great investment for our business. The charger is quick and dependable, and the customer support has been excellent. Very satisfied!"
CC-2002,Commercial Charger,"The charger is decent, but the customer service is terrible. They never respond to our inquiries."
CC-2003,Commercial Charger,"Great investment for our business. The charger is quick and dependable, and the customer support has been excellent. Very satisfied!"
CC-2003,Commercial Charger,"Disappointed. The charger is too expensive for what it offers, and it doesn't work as advertised."
CC-2002,Commercial Charger,"Very reliable charger. We've had no issues so far, and it keeps our fleet running smoothly."
CC-2001,Commercial Charger,"Our fleet's charging needs are met perfectly with this charger. It's fast and reliable, and we've had no issues so far. Great product!"
CC-2003,Commercial Charger,"The charger is reliable and quick. Perfect for our needs, and the customer support has been excellent. Highly recommend!"
CC-2001,Commercial Charger,"The charger is reliable and quick. Perfect for our business, and the customer support has been excellent. Highly recommend!"
CC-2003,Commercial Charger,"We are very satisfied with the performance of this charger. It's fast and reliable, and the customer support has been excellent. Great product!"
CC-2001,Commercial Charger,"We love the efficiency of this charger. It keeps our vehicles ready to go, and the installation was a breeze. Great product!"
CC-2003,Commercial Charger,"The charger is fast and reliable. We've had no complaints, and the installation was a breeze. Highly recommend!"
CC-2001,Commercial Charger,"Terrible experience. The charger broke down after a month, and customer service was no help."
CC-2001,Commercial Charger,"Highly recommend this charger for any business fleet. It's fast, reliable, and easy to use."
